Quiz ID,User,Email,Subject,Chapter,Quiz Date,Duration (min),Score,Total Questions,Percentage,Attempt Date
31,Rahul Sharma,rahul699@example.com,Mathematics,Coordinate Geometry,2025-03-01,38,6,17,35.29%,2025-03-10 17:41:00
24,Rahul Sharma,rahul699@example.com,Chemistry,Electrochemistry,2025-03-15,237,35,89,39.33%,2025-03-18 13:51:00
33,Rahul Sharma,rahul699@example.com,Mathematics,Trigonometry,2025-03-20,37,6,15,40.0%,2025-03-28 10:04:00
32,Rahul Sharma,rahul699@example.com,Mathematics,Trigonometry,2025-02-23,190,35,89,39.33%,2025-03-02 14:57:00
3,Rahul Sharma,rahul699@example.com,Physics,Electromagnetism,2025-03-13,237,30,77,38.96%,2025-03-19 09:55:00
11,Rahul Sharma,rahul699@example.com,Physics,Thermodynamics,2025-03-15,53,7,18,38.89%,2025-03-17 10:19:00
2,Rahul Sharma,rahul699@example.com,Physics,Mechanics,2025-03-14,56,8,20,40.0%,2025-03-24 15:57:00
14,Rahul Sharma,rahul699@example.com,Chemistry,Organic Chemistry,2025-02-22,191,33,84,39.29%,2025-03-02 09:05:00
20,Rahul Sharma,rahul699@example.com,Chemistry,Coordination Chemistry,2025-03-14,37,9,23,39.13%,2025-03-24 09:30:00
21,Priya Patel,priya835@example.com,Chemistry,Coordination Chemistry,2025-03-20,82,13,34,38.24%,2025-03-22 11:42:00
20,Priya Patel,priya835@example.com,Chemistry,Coordination Chemistry,2025-03-14,37,9,23,39.13%,2025-03-24 10:38:00
11,Priya Patel,priya835@example.com,Physics,Thermodynamics,2025-03-15,53,7,18,38.89%,2025-03-19 10:08:00
14,Priya Patel,priya835@example.com,Chemistry,Organic Chemistry,2025-02-22,191,33,84,39.29%,2025-03-04 16:42:00
33,Priya Patel,priya835@example.com,Mathematics,Trigonometry,2025-03-20,37,6,15,40.0%,2025-03-25 14:21:00
8,Priya Patel,priya835@example.com,Physics,Optics,2025-03-13,198,34,87,39.08%,2025-03-21 11:09:00
31,Priya Patel,priya835@example.com,Mathematics,Coordinate Geometry,2025-03-01,38,6,17,35.29%,2025-03-08 15:59:00
2,Priya Patel,priya835@example.com,Physics,Mechanics,2025-03-14,56,8,20,40.0%,2025-03-20 09:36:00
21,Amit Kumar,amit389@example.com,Chemistry,Coordination Chemistry,2025-03-20,82,13,34,38.24%,2025-03-27 16:18:00
32,Amit Kumar,amit389@example.com,Mathematics,Trigonometry,2025-02-23,190,35,89,39.33%,2025-03-05 13:43:00
29,Amit Kumar,amit389@example.com,Mathematics,Calculus,2025-03-01,217,33,83,39.76%,2025-03-03 14:59:00
2,Amit Kumar,amit389@example.com,Physics,Mechanics,2025-03-14,56,8,20,40.0%,2025-03-20 14:03:00
20,Amit Kumar,amit389@example.com,Chemistry,Coordination Chemistry,2025-03-14,37,9,23,39.13%,2025-03-17 14:36:00
12,Amit Kumar,amit389@example.com,Physics,Thermodynamics,2025-02-23,83,14,36,38.89%,2025-03-05 10:18:00
33,Amit Kumar,amit389@example.com,Mathematics,Trigonometry,2025-03-20,37,6,15,40.0%,2025-03-28 13:04:00
3,Amit Kumar,amit389@example.com,Physics,Electromagnetism,2025-03-13,237,30,77,38.96%,2025-03-15 12:50:00
8,Amit Kumar,amit389@example.com,Physics,Optics,2025-03-13,198,34,87,39.08%,2025-03-16 17:13:00
31,Sneha Singh,sneha474@example.com,Mathematics,Coordinate Geometry,2025-03-01,38,6,17,35.29%,2025-03-02 15:04:00
35,Sneha Singh,sneha474@example.com,Mathematics,Statistics & Probability,2025-02-23,56,9,23,39.13%,2025-03-04 14:39:00
25,Sneha Singh,sneha474@example.com,Mathematics,Algebra,2025-03-14,52,6,17,35.29%,2025-03-17 16:43:00
8,Sneha Singh,sneha474@example.com,Physics,Optics,2025-03-13,198,34,87,39.08%,2025-03-18 12:24:00
29,Sneha Singh,sneha474@example.com,Mathematics,Calculus,2025-03-01,217,33,83,39.76%,2025-03-03 10:16:00
3,Sneha Singh,sneha474@example.com,Physics,Electromagnetism,2025-03-13,237,30,77,38.96%,2025-03-14 10:51:00
2,Sneha Singh,sneha474@example.com,Physics,Mechanics,2025-03-14,56,8,20,40.0%,2025-03-22 16:03:00
12,Vikram Verma,vikram795@example.com,Physics,Thermodynamics,2025-02-23,83,14,36,38.89%,2025-03-04 16:57:00
24,Vikram Verma,vikram795@example.com,Chemistry,Electrochemistry,2025-03-15,237,35,89,39.33%,2025-03-20 10:34:00
33,Vikram Verma,vikram795@example.com,Mathematics,Trigonometry,2025-03-20,37,6,15,40.0%,2025-03-22 11:29:00
20,Vikram Verma,vikram795@example.com,Chemistry,Coordination Chemistry,2025-03-14,37,9,23,39.13%,2025-03-16 10:36:00
29,Vikram Verma,vikram795@example.com,Mathematics,Calculus,2025-03-01,217,33,83,39.76%,2025-03-04 14:49:00
8,Vikram Verma,vikram795@example.com,Physics,Optics,2025-03-13,198,34,87,39.08%,2025-03-14 11:03:00
11,Vikram Verma,vikram795@example.com,Physics,Thermodynamics,2025-03-15,53,7,18,38.89%,2025-03-25 09:11:00
2,Vikram Verma,vikram795@example.com,Physics,Mechanics,2025-03-14,56,8,20,40.0%,2025-03-20 09:23:00
31,Neha Gupta,neha799@example.com,Mathematics,Coordinate Geometry,2025-03-01,38,6,17,35.29%,2025-03-05 12:34:00
24,Neha Gupta,neha799@example.com,Chemistry,Electrochemistry,2025-03-15,237,35,89,39.33%,2025-03-25 18:28:00
8,Neha Gupta,neha799@example.com,Physics,Optics,2025-03-13,198,34,87,39.08%,2025-03-23 15:57:00
2,Neha Gupta,neha799@example.com,Physics,Mechanics,2025-03-14,56,8,20,40.0%,2025-03-20 15:35:00
11,Neha Gupta,neha799@example.com,Physics,Thermodynamics,2025-03-15,53,7,18,38.89%,2025-03-21 14:30:00
14,Neha Gupta,neha799@example.com,Chemistry,Organic Chemistry,2025-02-22,191,33,84,39.29%,2025-03-03 09:12:00
21,Rajesh Khanna,rajesh335@example.com,Chemistry,Coordination Chemistry,2025-03-20,82,13,34,38.24%,2025-03-21 10:23:00
8,Rajesh Khanna,rajesh335@example.com,Physics,Optics,2025-03-13,198,34,87,39.08%,2025-03-14 14:05:00
11,Rajesh Khanna,rajesh335@example.com,Physics,Thermodynamics,2025-03-15,53,7,18,38.89%,2025-03-24 18:24:00
2,Rajesh Khanna,rajesh335@example.com,Physics,Mechanics,2025-03-14,56,8,20,40.0%,2025-03-17 14:03:00
25,Rajesh Khanna,rajesh335@example.com,Mathematics,Algebra,2025-03-14,52,6,17,35.29%,2025-03-20 10:13:00
20,Rajesh Khanna,rajesh335@example.com,Chemistry,Coordination Chemistry,2025-03-14,37,9,23,39.13%,2025-03-15 12:24:00
33,Rajesh Khanna,rajesh335@example.com,Mathematics,Trigonometry,2025-03-20,37,6,15,40.0%,2025-03-22 16:14:00
35,Rajesh Khanna,rajesh335@example.com,Mathematics,Statistics & Probability,2025-02-23,56,9,23,39.13%,2025-03-05 17:01:00
3,Rajesh Khanna,rajesh335@example.com,Physics,Electromagnetism,2025-03-13,237,30,77,38.96%,2025-03-23 10:58:00
24,Rajesh Khanna,rajesh335@example.com,Chemistry,Electrochemistry,2025-03-15,237,35,89,39.33%,2025-03-16 10:25:00
33,Ananya Desai,ananya150@example.com,Mathematics,Trigonometry,2025-03-20,37,6,15,40.0%,2025-03-24 15:32:00
24,Ananya Desai,ananya150@example.com,Chemistry,Electrochemistry,2025-03-15,237,35,89,39.33%,2025-03-23 13:12:00
31,Ananya Desai,ananya150@example.com,Mathematics,Coordinate Geometry,2025-03-01,38,6,17,35.29%,2025-03-02 13:07:00
32,Ananya Desai,ananya150@example.com,Mathematics,Trigonometry,2025-02-23,190,35,89,39.33%,2025-03-05 10:59:00
3,Ananya Desai,ananya150@example.com,Physics,Electromagnetism,2025-03-13,237,30,77,38.96%,2025-03-16 13:30:00
8,Ananya Desai,ananya150@example.com,Physics,Optics,2025-03-13,198,34,87,39.08%,2025-03-19 10:36:00
29,Ananya Desai,ananya150@example.com,Mathematics,Calculus,2025-03-01,217,33,83,39.76%,2025-03-08 09:37:00
2,Arjun Reddy,arjun564@example.com,Physics,Mechanics,2025-03-14,56,8,20,40.0%,2025-03-15 18:56:00
25,Arjun Reddy,arjun564@example.com,Mathematics,Algebra,2025-03-14,52,6,17,35.29%,2025-03-23 14:55:00
29,Arjun Reddy,arjun564@example.com,Mathematics,Calculus,2025-03-01,217,33,83,39.76%,2025-03-02 18:18:00
8,Arjun Reddy,arjun564@example.com,Physics,Optics,2025-03-13,198,34,87,39.08%,2025-03-15 17:58:00
20,Arjun Reddy,arjun564@example.com,Chemistry,Coordination Chemistry,2025-03-14,37,9,23,39.13%,2025-03-17 13:45:00
24,Arjun Reddy,arjun564@example.com,Chemistry,Electrochemistry,2025-03-15,237,35,89,39.33%,2025-03-20 15:16:00
32,Arjun Reddy,arjun564@example.com,Mathematics,Trigonometry,2025-02-23,190,35,89,39.33%,2025-03-03 16:59:00
3,Arjun Reddy,arjun564@example.com,Physics,Electromagnetism,2025-03-13,237,30,77,38.96%,2025-03-16 09:06:00
31,Arjun Reddy,arjun564@example.com,Mathematics,Coordinate Geometry,2025-03-01,38,6,17,35.29%,2025-03-07 14:16:00
33,Arjun Reddy,arjun564@example.com,Mathematics,Trigonometry,2025-03-20,37,6,15,40.0%,2025-03-23 09:24:00
21,Arjun Reddy,arjun564@example.com,Chemistry,Coordination Chemistry,2025-03-20,82,13,34,38.24%,2025-03-26 11:52:00
24,Pooja Mehta,pooja252@example.com,Chemistry,Electrochemistry,2025-03-15,237,35,89,39.33%,2025-03-18 15:31:00
20,Pooja Mehta,pooja252@example.com,Chemistry,Coordination Chemistry,2025-03-14,37,9,23,39.13%,2025-03-20 09:21:00
25,Pooja Mehta,pooja252@example.com,Mathematics,Algebra,2025-03-14,52,6,17,35.29%,2025-03-18 11:58:00
11,Pooja Mehta,pooja252@example.com,Physics,Thermodynamics,2025-03-15,53,7,18,38.89%,2025-03-21 09:27:00
12,Pooja Mehta,pooja252@example.com,Physics,Thermodynamics,2025-02-23,83,14,36,38.89%,2025-03-04 16:12:00
3,Pooja Mehta,pooja252@example.com,Physics,Electromagnetism,2025-03-13,237,30,77,38.96%,2025-03-20 13:54:00
33,Pooja Mehta,pooja252@example.com,Mathematics,Trigonometry,2025-03-20,37,6,15,40.0%,2025-03-26 16:33:00
31,Pooja Mehta,pooja252@example.com,Mathematics,Coordinate Geometry,2025-03-01,38,6,17,35.29%,2025-03-11 12:38:00
35,Pooja Mehta,pooja252@example.com,Mathematics,Statistics & Probability,2025-02-23,56,9,23,39.13%,2025-03-04 12:34:00
8,Sanjay Joshi,sanjay875@example.com,Physics,Optics,2025-03-13,198,34,87,39.08%,2025-03-19 13:05:00
12,Sanjay Joshi,sanjay875@example.com,Physics,Thermodynamics,2025-02-23,83,14,36,38.89%,2025-03-02 16:07:00
2,Sanjay Joshi,sanjay875@example.com,Physics,Mechanics,2025-03-14,56,8,20,40.0%,2025-03-22 17:26:00
24,Sanjay Joshi,sanjay875@example.com,Chemistry,Electrochemistry,2025-03-15,237,35,89,39.33%,2025-03-18 14:33:00
11,Sanjay Joshi,sanjay875@example.com,Physics,Thermodynamics,2025-03-15,53,7,18,38.89%,2025-03-17 14:42:00
21,Sanjay Joshi,sanjay875@example.com,Chemistry,Coordination Chemistry,2025-03-20,82,13,34,38.24%,2025-03-29 11:01:00
8,Divya Malhotra,divya145@example.com,Physics,Optics,2025-03-13,198,34,87,39.08%,2025-03-20 18:28:00
21,Divya Malhotra,divya145@example.com,Chemistry,Coordination Chemistry,2025-03-20,82,13,34,38.24%,2025-03-26 15:09:00
31,Divya Malhotra,divya145@example.com,Mathematics,Coordinate Geometry,2025-03-01,38,6,17,35.29%,2025-03-02 09:52:00
29,Divya Malhotra,divya145@example.com,Mathematics,Calculus,2025-03-01,217,33,83,39.76%,2025-03-07 10:19:00
32,Divya Malhotra,divya145@example.com,Mathematics,Trigonometry,2025-02-23,190,35,89,39.33%,2025-03-05 18:28:00
24,Divya Malhotra,divya145@example.com,Chemistry,Electrochemistry,2025-03-15,237,35,89,39.33%,2025-03-19 09:30:00
20,Nikhil Jain,nikhil650@example.com,Chemistry,Coordination Chemistry,2025-03-14,37,9,23,39.13%,2025-03-19 09:24:00
11,Nikhil Jain,nikhil650@example.com,Physics,Thermodynamics,2025-03-15,53,7,18,38.89%,2025-03-25 13:26:00
3,Nikhil Jain,nikhil650@example.com,Physics,Electromagnetism,2025-03-13,237,30,77,38.96%,2025-03-18 16:20:00
21,Nikhil Jain,nikhil650@example.com,Chemistry,Coordination Chemistry,2025-03-20,82,13,34,38.24%,2025-03-24 11:22:00
35,Nikhil Jain,nikhil650@example.com,Mathematics,Statistics & Probability,2025-02-23,56,9,23,39.13%,2025-03-04 15:13:00
31,Nikhil Jain,nikhil650@example.com,Mathematics,Coordinate Geometry,2025-03-01,38,6,17,35.29%,2025-03-05 16:51:00
8,Nikhil Jain,nikhil650@example.com,Physics,Optics,2025-03-13,198,34,87,39.08%,2025-03-19 09:23:00
29,Nikhil Jain,nikhil650@example.com,Mathematics,Calculus,2025-03-01,217,33,83,39.76%,2025-03-05 18:11:00
2,Nikhil Jain,nikhil650@example.com,Physics,Mechanics,2025-03-14,56,8,20,40.0%,2025-03-19 13:08:00
3,Ritu Agarwal,ritu953@example.com,Physics,Electromagnetism,2025-03-13,237,30,77,38.96%,2025-03-17 15:14:00
8,Ritu Agarwal,ritu953@example.com,Physics,Optics,2025-03-13,198,34,87,39.08%,2025-03-15 09:33:00
2,Ritu Agarwal,ritu953@example.com,Physics,Mechanics,2025-03-14,56,8,20,40.0%,2025-03-19 09:56:00
31,Ritu Agarwal,ritu953@example.com,Mathematics,Coordinate Geometry,2025-03-01,38,6,17,35.29%,2025-03-10 18:21:00
20,Ritu Agarwal,ritu953@example.com,Chemistry,Coordination Chemistry,2025-03-14,37,9,23,39.13%,2025-03-23 18:24:00
29,Ritu Agarwal,ritu953@example.com,Mathematics,Calculus,2025-03-01,217,33,83,39.76%,2025-03-06 12:05:00
33,Ritu Agarwal,ritu953@example.com,Mathematics,Trigonometry,2025-03-20,37,6,15,40.0%,2025-03-22 16:19:00
24,Ritu Agarwal,ritu953@example.com,Chemistry,Electrochemistry,2025-03-15,237,35,89,39.33%,2025-03-20 18:08:00
20,Ajay Tiwari,ajay673@example.com,Chemistry,Coordination Chemistry,2025-03-14,37,9,23,39.13%,2025-03-21 14:55:00
24,Ajay Tiwari,ajay673@example.com,Chemistry,Electrochemistry,2025-03-15,237,35,89,39.33%,2025-03-19 10:06:00
8,Ajay Tiwari,ajay673@example.com,Physics,Optics,2025-03-13,198,34,87,39.08%,2025-03-20 12:41:00
21,Ajay Tiwari,ajay673@example.com,Chemistry,Coordination Chemistry,2025-03-20,82,13,34,38.24%,2025-03-29 17:36:00
32,Ajay Tiwari,ajay673@example.com,Mathematics,Trigonometry,2025-02-23,190,35,89,39.33%,2025-03-02 09:03:00
25,Ajay Tiwari,ajay673@example.com,Mathematics,Algebra,2025-03-14,52,6,17,35.29%,2025-03-18 12:18:00
29,Ajay Tiwari,ajay673@example.com,Mathematics,Calculus,2025-03-01,217,33,83,39.76%,2025-03-03 09:49:00
2,Ajay Tiwari,ajay673@example.com,Physics,Mechanics,2025-03-14,56,8,20,40.0%,2025-03-19 15:23:00
45,Rahul Sharma,rahul843@example.com,Physics,Thermodynamics,2025-03-16,73,17,43,39.53%,2025-03-22 14:56:00
37,Rahul Sharma,rahul843@example.com,Physics,Mechanics,2025-03-16,192,32,81,39.51%,2025-03-25 17:57:00
53,Priya Patel,priya204@example.com,Chemistry,Physical Chemistry,2025-03-16,52,8,22,36.36%,2025-03-25 17:26:00
37,Priya Patel,priya204@example.com,Physics,Mechanics,2025-03-16,192,32,81,39.51%,2025-03-24 17:33:00
53,Amit Kumar,amit416@example.com,Chemistry,Physical Chemistry,2025-03-16,52,8,22,36.36%,2025-03-17 11:27:00
37,Amit Kumar,amit416@example.com,Physics,Mechanics,2025-03-16,192,32,81,39.51%,2025-03-20 15:23:00
45,Sneha Singh,sneha592@example.com,Physics,Thermodynamics,2025-03-16,73,17,43,39.53%,2025-03-23 15:01:00
53,Sneha Singh,sneha592@example.com,Chemistry,Physical Chemistry,2025-03-16,52,8,22,36.36%,2025-03-25 16:08:00
45,Vikram Verma,vikram963@example.com,Physics,Thermodynamics,2025-03-16,73,17,43,39.53%,2025-03-25 10:52:00
53,Vikram Verma,vikram963@example.com,Chemistry,Physical Chemistry,2025-03-16,52,8,22,36.36%,2025-03-22 12:46:00
53,Neha Gupta,neha864@example.com,Chemistry,Physical Chemistry,2025-03-16,52,8,22,36.36%,2025-03-20 15:17:00
37,Neha Gupta,neha864@example.com,Physics,Mechanics,2025-03-16,192,32,81,39.51%,2025-03-20 14:18:00
53,Rajesh Khanna,rajesh998@example.com,Chemistry,Physical Chemistry,2025-03-16,52,8,22,36.36%,2025-03-26 14:52:00
45,Ananya Desai,ananya375@example.com,Physics,Thermodynamics,2025-03-16,73,17,43,39.53%,2025-03-20 16:07:00
37,Ananya Desai,ananya375@example.com,Physics,Mechanics,2025-03-16,192,32,81,39.51%,2025-03-22 15:05:00
37,Arjun Reddy,arjun593@example.com,Physics,Mechanics,2025-03-16,192,32,81,39.51%,2025-03-21 16:30:00
45,Arjun Reddy,arjun593@example.com,Physics,Thermodynamics,2025-03-16,73,17,43,39.53%,2025-03-17 12:27:00
53,Arjun Reddy,arjun593@example.com,Chemistry,Physical Chemistry,2025-03-16,52,8,22,36.36%,2025-03-18 14:25:00
45,Pooja Mehta,pooja759@example.com,Physics,Thermodynamics,2025-03-16,73,17,43,39.53%,2025-03-26 15:10:00
53,Pooja Mehta,pooja759@example.com,Chemistry,Physical Chemistry,2025-03-16,52,8,22,36.36%,2025-03-25 09:18:00
37,Pooja Mehta,pooja759@example.com,Physics,Mechanics,2025-03-16,192,32,81,39.51%,2025-03-23 11:44:00
45,Sanjay Joshi,sanjay250@example.com,Physics,Thermodynamics,2025-03-16,73,17,43,39.53%,2025-03-24 15:52:00
37,Sanjay Joshi,sanjay250@example.com,Physics,Mechanics,2025-03-16,192,32,81,39.51%,2025-03-21 13:07:00
53,Divya Malhotra,divya718@example.com,Chemistry,Physical Chemistry,2025-03-16,52,8,22,36.36%,2025-03-20 11:12:00
37,Divya Malhotra,divya718@example.com,Physics,Mechanics,2025-03-16,192,32,81,39.51%,2025-03-17 11:47:00
45,Nikhil Jain,nikhil212@example.com,Physics,Thermodynamics,2025-03-16,73,17,43,39.53%,2025-03-22 17:56:00
37,Nikhil Jain,nikhil212@example.com,Physics,Mechanics,2025-03-16,192,32,81,39.51%,2025-03-17 17:21:00
53,Nikhil Jain,nikhil212@example.com,Chemistry,Physical Chemistry,2025-03-16,52,8,22,36.36%,2025-03-22 15:19:00
37,Ritu Agarwal,ritu958@example.com,Physics,Mechanics,2025-03-16,192,32,81,39.51%,2025-03-21 11:09:00
45,Ritu Agarwal,ritu958@example.com,Physics,Thermodynamics,2025-03-16,73,17,43,39.53%,2025-03-25 12:19:00
45,Ajay Tiwari,ajay111@example.com,Physics,Thermodynamics,2025-03-16,73,17,43,39.53%,2025-03-19 16:44:00
53,Ajay Tiwari,ajay111@example.com,Chemistry,Physical Chemistry,2025-03-16,52,8,22,36.36%,2025-03-18 12:43:00
